item_id,d_c,is_correct
OlympiadBench_1006,1,0
OlympiadBench_1012,0,1
OlympiadBench_1013,0,0
OlympiadBench_1014,1,1
OlympiadBench_1015,1,0
OlympiadBench_1016,0,1
OlympiadBench_1017,0,0
OlympiadBench_1018,1,1
OlympiadBench_1050,1,1
OlympiadBench_1051,1,1
OlympiadBench_1052,1,1
OlympiadBench_1053,1,0
OlympiadBench_1054,0,0
OlympiadBench_1060,0,1
OlympiadBench_1061,0,1
OlympiadBench_1062,0,
OlympiadBench_1063,0,1
OlympiadBench_1064,0,1
OlympiadBench_1065,0,1
OlympiadBench_1066,0,1
OlympiadBench_1067,0,1
OlympiadBench_1068,1,1
OlympiadBench_1069,0,1
OlympiadBench_1070,1,1
OlympiadBench_1071,1,0
OlympiadBench_1072,1,
OlympiadBench_1073,1,0
OlympiadBench_1097,4,0
OlympiadBench_1098,1,0
OlympiadBench_1099,1,0
OlympiadBench_1101,0,0
OlympiadBench_802,1,1
OlympiadBench_803,1,0
OlympiadBench_806,0,0
OlympiadBench_807,1,1
OlympiadBench_808,0,1
OlympiadBench_810,0,1
OlympiadBench_811,0,0
OlympiadBench_812,1,1
OlympiadBench_813,1,1
OlympiadBench_814,0,1
OlympiadBench_816,0,0
OlympiadBench_817,1,1
OlympiadBench_819,2,1
OlympiadBench_821,2,1
OlympiadBench_823,2,1
OlympiadBench_826,1,0
OlympiadBench_828,1,0
OlympiadBench_835,2,0
OlympiadBench_836,1,1
OlympiadBench_837,0,1
OlympiadBench_840,1,0
OlympiadBench_842,1,0
OlympiadBench_844,0,0
OlympiadBench_847,0,0
OlympiadBench_849,1,1
OlympiadBench_851,0,1
OlympiadBench_853,1,1
OlympiadBench_856,0,1
OlympiadBench_860,2,1
OlympiadBench_861,1,1
OlympiadBench_863,2,1
OlympiadBench_865,1,1
OlympiadBench_866,1,0
OlympiadBench_868,0,0
OlympiadBench_869,0,0
OlympiadBench_870,0,0
OlympiadBench_871,0,0
OlympiadBench_872,0,1
OlympiadBench_873,0,1
OlympiadBench_876,1,1
OlympiadBench_877,1,1
OlympiadBench_878,0,1
OlympiadBench_881,1,0
OlympiadBench_883,1,0
OlympiadBench_884,1,
OlympiadBench_885,2,1
OlympiadBench_888,1,0
OlympiadBench_890,0,0
OlympiadBench_891,1,0
OlympiadBench_893,1,1
OlympiadBench_894,1,0
OlympiadBench_897,2,
OlympiadBench_898,0,
OlympiadBench_899,2,1
OlympiadBench_900,0,0
OlympiadBench_901,1,
OlympiadBench_902,1,1
OlympiadBench_903,0,1
OlympiadBench_905,1,1
OlympiadBench_907,0,1
OlympiadBench_908,1,0
OlympiadBench_909,0,1
OlympiadBench_910,3,1
OlympiadBench_911,0,1
OlympiadBench_912,1,0
OlympiadBench_915,1,
OlympiadBench_917,1,0
OlympiadBench_918,0,0
OlympiadBench_919,1,1
OlympiadBench_922,1,0
OlympiadBench_923,1,0
OlympiadBench_926,1,0
OlympiadBench_928,2,
OlympiadBench_929,1,
OlympiadBench_936,0,0
OlympiadBench_939,0,0
OlympiadBench_940,0,0
OlympiadBench_941,0,1
OlympiadBench_942,0,1
OlympiadBench_944,1,1
OlympiadBench_947,1,1
OlympiadBench_949,0,1
OlympiadBench_954,0,1
OlympiadBench_955,0,1
OlympiadBench_956,1,0
OlympiadBench_957,0,0
OlympiadBench_972,0,0
OlympiadBench_973,0,1
OlympiadBench_974,0,0
OlympiadBench_982,0,1
OlympiadBench_984,1,1
OlympiadBench_985,1,1
OlympiadBench_986,0,1
OlympiadBench_987,2,0
OlympiadBench_988,1,0
OlympiadBench_989,1,0
PHYBench_10,1,0
PHYBench_100,1,0
PHYBench_101,5,0
PHYBench_103,1,1
PHYBench_105,1,0
PHYBench_106,1,0
PHYBench_110,2,0
PHYBench_112,2,1
PHYBench_115,1,0
PHYBench_117,2,1
PHYBench_118,1,0
PHYBench_120,1,0
PHYBench_121,0,0
PHYBench_124,1,1
PHYBench_131,0,1
PHYBench_133,0,0
PHYBench_134,0,1
PHYBench_139,0,0
PHYBench_140,0,0
PHYBench_143,0,0
PHYBench_204,0,1
PHYBench_206,0,1
PHYBench_211,0,1
PHYBench_221,3,0
PHYBench_228,3,0
PHYBench_244,0,1
PHYBench_25,4,1
PHYBench_250,1,0
PHYBench_256,3,0
PHYBench_259,0,
PHYBench_281,0,1
PHYBench_284,0,0
PHYBench_285,0,1
PHYBench_310,3,1
PHYBench_318,0,0
PHYBench_321,1,0
PHYBench_33,1,0
PHYBench_331,0,0
PHYBench_332,4,0
PHYBench_333,2,0
PHYBench_336,2,0
PHYBench_36,2,0
PHYBench_367,0,1
PHYBench_37,3,1
PHYBench_39,1,1
PHYBench_401,3,1
PHYBench_409,1,0
PHYBench_41,1,1
PHYBench_412,0,0
PHYBench_419,0,0
PHYBench_42,2,0
PHYBench_420,1,0
PHYBench_423,1,0
PHYBench_43,1,0
PHYBench_432,1,0
PHYBench_443,0,0
PHYBench_45,2,0
PHYBench_450,2,0
PHYBench_453,1,0
PHYBench_457,2,0
PHYBench_458,1,1
PHYBench_478,1,0
PHYBench_493,2,0
PHYBench_495,0,0
PHYBench_497,1,0
PHYBench_498,0,0
PHYBench_50,1,0
PHYBench_505,1,0
PHYBench_54,1,0
PHYBench_55,0,0
PHYBench_58,0,0
PHYBench_600,0,1
PHYBench_603,0,1
PHYBench_617,2,0
PHYBench_62,1,1
PHYBench_630,1,0
PHYBench_636,3,0
PHYBench_648,3,0
PHYBench_649,3,0
PHYBench_65,2,0
PHYBench_650,2,0
PHYBench_653,2,1
PHYBench_654,1,0
PHYBench_670,1,1
PHYBench_674,4,0
PHYBench_688,3,1
PHYBench_69,3,
PHYBench_702,0,1
PHYBench_708,0,0
PHYBench_709,1,0
PHYBench_71,2,0
PHYBench_716,2,0
PHYBench_719,1,1
PHYBench_72,1,1
PHYBench_737,3,1
PHYBench_766,2,0
PHYBench_83,0,0
PHYBench_88,2,
PHYBench_89,2,0
PHYBench_95,1,0
PhysReason_cal_problem_00069,2,1
PhysReason_cal_problem_00224,1,1
PhysReason_cal_problem_00252,0,
PhysReason_cal_problem_00272,1,1
PhysReason_cal_problem_00273,0,0
PhysReason_cal_problem_00340,1,0
PhysReason_cal_problem_00346,1,1
PhysReason_cal_problem_00365,0,1
PhysReason_cal_problem_00418,0,1
PhysReason_cal_problem_00419,0,1
PhysReason_cal_problem_00432,0,0
PhysReason_cal_problem_00575,0,0
PhysReason_cal_problem_00577,1,1
PhysReason_cal_problem_00665,2,0
PhysReason_cal_problem_00701,0,0
PhysReason_cal_problem_00736,0,0
PhysReason_cal_problem_00840,0,1
PhysReason_cal_problem_00906,0,0
PhysReason_cal_problem_00915,0,1
PhysReason_cal_problem_00945,1,0
PhysReason_cal_problem_01098,0,0
PhysReason_cal_problem_01115,0,1
PhysReason_cal_problem_01184,0,0
PhysReason_cal_problem_01211,0,1
PhysReason_cal_problem_01276,0,0
PhysReason_cal_problem_01375,0,0
PhysReason_cal_problem_01390,2,0
PhysReason_cal_problem_01469,0,0
PhysReason_cal_problem_01515,0,0
PhysReason_comp_problem_4,0,0
PhysReason_comp_problem_95,3,1
